url,font count,pagerank,emails on homepage,ranking for,emails elsewhere
http://www.bedbathandbeyond.ca/,1,2,,buy Bath & Body online
http://www.bedbathandbeyond.com/,1,4,,buy Bath & Body online,customer.service@bedbath.com;
http://buyk2bathsalts.com/,74,5,,buy Bath & Body online,myname@example.com;2incenseonline@live.com;
http://www.aloeveraland.ca/,4,4,,buy Bath & Body online
http://bathrelaxer.com/,1,5,info@bathrelaxer.com;,buy Bath & Body online,info@bathrelaxer.com;jacky@bathrelaxer.com;fun@bathrelaxer.com;
http://www.cybershopping.ca/,108,7,,buy Bath & Body online
http://www.saltworks.us/,2,7,,buy Bath & Body online
http://www.luckyvitamin.com/,8,8,,buy Bath & Body online
http://thesoapguy.com/,156,9,orders@thesoapguy.com;,buy Bath & Body online
http://www.buychargepowder.net/,2,10,,buy Beauty Tools & Accessories online
http://www.beautytools.com/,48,1,,buy Beauty Tools & Accessories online
http://www.buymebeauty.com/,4,3,john@example.com;,buy Beauty Tools & Accessories online
http://www.fishpond.co.nz/,1,3,,buy Beauty Tools & Accessories online
http://www.fishpond.com.au/,1,5,,buy Beauty Tools & Accessories online
http://shopping.all4women.co.za/,1,6,,buy Beauty Tools & Accessories online
http://beauty-care2.buy.lightneasy.org/,1,8,,buy Beauty Tools & Accessories online
http://www.browsenodes.com/,17,3,,buy Body Face and Hand Lotions Antiaging Creams Cleansers Massage Oils Baby Oils Exfoliators Toners Sun Tan Products and More online
http://www.beautybrands.com/,1,5,,buy Body Face and Hand Lotions Antiaging Creams Cleansers Massage Oils Baby Oils Exfoliators Toners Sun Tan Products and More online
https://www.purespadirect.com/,53,6,,buy Body Face and Hand Lotions Antiaging Creams Cleansers Massage Oils Baby Oils Exfoliators Toners Sun Tan Products and More online
http://www.purespadirect.com/,52,9,,buy Body Face and Hand Lotions Antiaging Creams Cleansers Massage Oils Baby Oils Exfoliators Toners Sun Tan Products and More online
http://usa.loccitane.com/,1,9,,buy Body Face and Hand Lotions Antiaging Creams Cleansers Massage Oils Baby Oils Exfoliators Toners Sun Tan Products and More online
http://myfragrances.ca/,7,2,info@myfragrances.ca;,buy Fragrance online
url,font count,pagerank,emails on homepage,ranking for,emails elsewhere
http://www.bedbathandbeyond.ca/,1,2,,buy Bath & Body online
http://www.bedbathandbeyond.com/,1,4,,buy Bath & Body online,customer.service@bedbath.com;
http://buyk2bathsalts.com/,74,5,,buy Bath & Body online,myname@example.com;2incenseonline@live.com;
http://www.aloeveraland.ca/,4,4,,buy Bath & Body online
http://bathrelaxer.com/,1,5,info@bathrelaxer.com;,buy Bath & Body online,info@bathrelaxer.com;jacky@bathrelaxer.com;fun@bathrelaxer.com;
http://www.cybershopping.ca/,108,7,,buy Bath & Body online
http://www.saltworks.us/,2,7,,buy Bath & Body online
http://www.luckyvitamin.com/,8,8,,buy Bath & Body online
http://thesoapguy.com/,156,9,orders@thesoapguy.com;,buy Bath & Body online
http://www.buychargepowder.net/,2,10,,buy Beauty Tools & Accessories online
http://www.beautytools.com/,48,1,,buy Beauty Tools & Accessories online
http://www.buymebeauty.com/,4,3,john@example.com;,buy Beauty Tools & Accessories online
http://www.fishpond.co.nz/,1,3,,buy Beauty Tools & Accessories online
http://www.fishpond.com.au/,1,5,,buy Beauty Tools & Accessories online
http://shopping.all4women.co.za/,1,6,,buy Beauty Tools & Accessories online
http://beauty-care2.buy.lightneasy.org/,1,8,,buy Beauty Tools & Accessories online
http://www.browsenodes.com/,17,3,,buy Body Face and Hand Lotions Antiaging Creams Cleansers Massage Oils Baby Oils Exfoliators Toners Sun Tan Products and More online
http://www.beautybrands.com/,1,5,,buy Body Face and Hand Lotions Antiaging Creams Cleansers Massage Oils Baby Oils Exfoliators Toners Sun Tan Products and More online
https://www.purespadirect.com/,53,6,,buy Body Face and Hand Lotions Antiaging Creams Cleansers Massage Oils Baby Oils Exfoliators Toners Sun Tan Products and More online
http://www.purespadirect.com/,52,9,,buy Body Face and Hand Lotions Antiaging Creams Cleansers Massage Oils Baby Oils Exfoliators Toners Sun Tan Products and More online
http://usa.loccitane.com/,1,9,,buy Body Face and Hand Lotions Antiaging Creams Cleansers Massage Oils Baby Oils Exfoliators Toners Sun Tan Products and More online
http://myfragrances.ca/,7,2,info@myfragrances.ca;,buy Fragrance online
url,font count,pagerank,emails on homepage,ranking for,emails elsewhere
http://www.bedbathandbeyond.ca/,1,2,,buy Bath & Body online
http://www.bedbathandbeyond.com/,1,4,,buy Bath & Body online,customer.service@bedbath.com;
http://buyk2bathsalts.com/,74,5,,buy Bath & Body online,myname@example.com;2incenseonline@live.com;
http://www.aloeveraland.ca/,4,4,,buy Bath & Body online
http://bathrelaxer.com/,1,5,info@bathrelaxer.com;,buy Bath & Body online,info@bathrelaxer.com;jacky@bathrelaxer.com;fun@bathrelaxer.com;
http://www.cybershopping.ca/,108,7,,buy Bath & Body online
http://www.saltworks.us/,2,7,,buy Bath & Body online
http://www.luckyvitamin.com/,8,8,,buy Bath & Body online
http://thesoapguy.com/,156,9,orders@thesoapguy.com;,buy Bath & Body online
http://www.buychargepowder.net/,2,10,,buy Beauty Tools & Accessories online
http://www.beautytools.com/,48,1,,buy Beauty Tools & Accessories online
http://www.buymebeauty.com/,4,3,john@example.com;,buy Beauty Tools & Accessories online
http://www.fishpond.co.nz/,1,3,,buy Beauty Tools & Accessories online
http://www.fishpond.com.au/,1,5,,buy Beauty Tools & Accessories online
http://shopping.all4women.co.za/,1,6,,buy Beauty Tools & Accessories online
http://beauty-care2.buy.lightneasy.org/,1,8,,buy Beauty Tools & Accessories online
http://www.browsenodes.com/,17,3,,buy Body Face and Hand Lotions Antiaging Creams Cleansers Massage Oils Baby Oils Exfoliators Toners Sun Tan Products and More online
http://www.beautybrands.com/,1,5,,buy Body Face and Hand Lotions Antiaging Creams Cleansers Massage Oils Baby Oils Exfoliators Toners Sun Tan Products and More online
https://www.purespadirect.com/,53,6,,buy Body Face and Hand Lotions Antiaging Creams Cleansers Massage Oils Baby Oils Exfoliators Toners Sun Tan Products and More online
http://www.purespadirect.com/,52,9,,buy Body Face and Hand Lotions Antiaging Creams Cleansers Massage Oils Baby Oils Exfoliators Toners Sun Tan Products and More online
http://usa.loccitane.com/,1,9,,buy Body Face and Hand Lotions Antiaging Creams Cleansers Massage Oils Baby Oils Exfoliators Toners Sun Tan Products and More online
http://myfragrances.ca/,7,2,info@myfragrances.ca;,buy Fragrance online
url,font count,pagerank,emails on homepage,ranking for,emails elsewhere
http://www.bedbathandbeyond.ca/,1,2,,buy Bath & Body online
http://www.bedbathandbeyond.com/,1,4,,buy Bath & Body online,customer.service@bedbath.com;
http://buyk2bathsalts.com/,74,5,,buy Bath & Body online,myname@example.com;2incenseonline@live.com;
http://www.aloeveraland.ca/,4,4,,buy Bath & Body online
http://bathrelaxer.com/,1,5,info@bathrelaxer.com;,buy Bath & Body online,info@bathrelaxer.com;jacky@bathrelaxer.com;fun@bathrelaxer.com;
http://www.cybershopping.ca/,108,7,,buy Bath & Body online
http://www.saltworks.us/,2,7,,buy Bath & Body online
http://www.luckyvitamin.com/,8,8,,buy Bath & Body online
http://thesoapguy.com/,156,9,orders@thesoapguy.com;,buy Bath & Body online
http://www.buychargepowder.net/,2,10,,buy Beauty Tools & Accessories online
http://www.beautytools.com/,48,1,,buy Beauty Tools & Accessories online
http://www.buymebeauty.com/,4,3,john@example.com;,buy Beauty Tools & Accessories online
http://www.fishpond.co.nz/,1,3,,buy Beauty Tools & Accessories online
http://www.fishpond.com.au/,1,5,,buy Beauty Tools & Accessories online
http://shopping.all4women.co.za/,1,6,,buy Beauty Tools & Accessories online
http://beauty-care2.buy.lightneasy.org/,1,8,,buy Beauty Tools & Accessories online
http://www.browsenodes.com/,17,3,,buy Body Face and Hand Lotions Antiaging Creams Cleansers Massage Oils Baby Oils Exfoliators Toners Sun Tan Products and More online
http://www.beautybrands.com/,1,5,,buy Body Face and Hand Lotions Antiaging Creams Cleansers Massage Oils Baby Oils Exfoliators Toners Sun Tan Products and More online
https://www.purespadirect.com/,53,6,,buy Body Face and Hand Lotions Antiaging Creams Cleansers Massage Oils Baby Oils Exfoliators Toners Sun Tan Products and More online
http://www.purespadirect.com/,52,9,,buy Body Face and Hand Lotions Antiaging Creams Cleansers Massage Oils Baby Oils Exfoliators Toners Sun Tan Products and More online
http://usa.loccitane.com/,1,9,,buy Body Face and Hand Lotions Antiaging Creams Cleansers Massage Oils Baby Oils Exfoliators Toners Sun Tan Products and More online
http://myfragrances.ca/,7,2,info@myfragrances.ca;,buy Fragrance online
url,font count,pagerank,emails on homepage,ranking for,emails elsewhere
http://www.bedbathandbeyond.ca/,1,2,,buy Bath & Body online
http://www.bedbathandbeyond.com/,1,4,,buy Bath & Body online,customer.service@bedbath.com;
http://buyk2bathsalts.com/,74,5,,buy Bath & Body online,myname@example.com;2incenseonline@live.com;
http://www.aloeveraland.ca/,4,4,,buy Bath & Body online
http://bathrelaxer.com/,1,5,info@bathrelaxer.com;,buy Bath & Body online,info@bathrelaxer.com;jacky@bathrelaxer.com;fun@bathrelaxer.com;
http://www.cybershopping.ca/,108,7,,buy Bath & Body online
http://www.saltworks.us/,2,7,,buy Bath & Body online
http://www.luckyvitamin.com/,8,8,,buy Bath & Body online
http://thesoapguy.com/,156,9,orders@thesoapguy.com;,buy Bath & Body online
http://www.buychargepowder.net/,2,10,,buy Beauty Tools & Accessories online
http://www.beautytools.com/,48,1,,buy Beauty Tools & Accessories online
http://www.buymebeauty.com/,4,3,john@example.com;,buy Beauty Tools & Accessories online
http://www.fishpond.co.nz/,1,3,,buy Beauty Tools & Accessories online
http://www.fishpond.com.au/,1,5,,buy Beauty Tools & Accessories online
http://shopping.all4women.co.za/,1,6,,buy Beauty Tools & Accessories online
http://beauty-care2.buy.lightneasy.org/,1,8,,buy Beauty Tools & Accessories online
http://www.browsenodes.com/,17,3,,buy Body Face and Hand Lotions Antiaging Creams Cleansers Massage Oils Baby Oils Exfoliators Toners Sun Tan Products and More online
http://www.beautybrands.com/,1,5,,buy Body Face and Hand Lotions Antiaging Creams Cleansers Massage Oils Baby Oils Exfoliators Toners Sun Tan Products and More online
https://www.purespadirect.com/,53,6,,buy Body Face and Hand Lotions Antiaging Creams Cleansers Massage Oils Baby Oils Exfoliators Toners Sun Tan Products and More online
http://www.purespadirect.com/,52,9,,buy Body Face and Hand Lotions Antiaging Creams Cleansers Massage Oils Baby Oils Exfoliators Toners Sun Tan Products and More online
http://usa.loccitane.com/,1,9,,buy Body Face and Hand Lotions Antiaging Creams Cleansers Massage Oils Baby Oils Exfoliators Toners Sun Tan Products and More online
http://myfragrances.ca/,7,2,info@myfragrances.ca;,buy Fragrance online
url,font count,pagerank,emails on homepage,ranking for,emails elsewhere
http://www.bedbathandbeyond.ca/,1,2,,buy Bath & Body online
http://www.bedbathandbeyond.com/,1,4,,buy Bath & Body online,customer.service@bedbath.com;
http://buyk2bathsalts.com/,74,5,,buy Bath & Body online,myname@example.com;2incenseonline@live.com;
http://www.aloeveraland.ca/,4,4,,buy Bath & Body online
http://bathrelaxer.com/,1,5,info@bathrelaxer.com;,buy Bath & Body online,info@bathrelaxer.com;jacky@bathrelaxer.com;fun@bathrelaxer.com;
http://www.cybershopping.ca/,108,7,,buy Bath & Body online
http://www.saltworks.us/,2,7,,buy Bath & Body online
http://www.luckyvitamin.com/,8,8,,buy Bath & Body online
http://thesoapguy.com/,156,9,orders@thesoapguy.com;,buy Bath & Body online
http://www.buychargepowder.net/,2,10,,buy Beauty Tools & Accessories online
http://www.beautytools.com/,48,1,,buy Beauty Tools & Accessories online
http://www.buymebeauty.com/,4,3,john@example.com;,buy Beauty Tools & Accessories online
http://www.fishpond.co.nz/,1,3,,buy Beauty Tools & Accessories online
http://www.fishpond.com.au/,1,5,,buy Beauty Tools & Accessories online
http://shopping.all4women.co.za/,1,6,,buy Beauty Tools & Accessories online
http://beauty-care2.buy.lightneasy.org/,1,8,,buy Beauty Tools & Accessories online
http://www.browsenodes.com/,17,3,,buy Body Face and Hand Lotions Antiaging Creams Cleansers Massage Oils Baby Oils Exfoliators Toners Sun Tan Products and More online
http://www.beautybrands.com/,1,5,,buy Body Face and Hand Lotions Antiaging Creams Cleansers Massage Oils Baby Oils Exfoliators Toners Sun Tan Products and More online
https://www.purespadirect.com/,53,6,,buy Body Face and Hand Lotions Antiaging Creams Cleansers Massage Oils Baby Oils Exfoliators Toners Sun Tan Products and More online
http://www.purespadirect.com/,52,9,,buy Body Face and Hand Lotions Antiaging Creams Cleansers Massage Oils Baby Oils Exfoliators Toners Sun Tan Products and More online
http://usa.loccitane.com/,1,9,,buy Body Face and Hand Lotions Antiaging Creams Cleansers Massage Oils Baby Oils Exfoliators Toners Sun Tan Products and More online
http://myfragrances.ca/,7,2,info@myfragrances.ca;,buy Fragrance online
url,font count,pagerank,emails on homepage,ranking for,emails elsewhere
http://www.bedbathandbeyond.ca/,1,2,,buy Bath & Body online
http://www.bedbathandbeyond.com/,1,4,,buy Bath & Body online,customer.service@bedbath.com;
http://buyk2bathsalts.com/,74,5,,buy Bath & Body online,myname@example.com;2incenseonline@live.com;
http://www.aloeveraland.ca/,4,4,,buy Bath & Body online
http://bathrelaxer.com/,1,5,info@bathrelaxer.com;,buy Bath & Body online,info@bathrelaxer.com;jacky@bathrelaxer.com;fun@bathrelaxer.com;
http://www.cybershopping.ca/,108,7,,buy Bath & Body online
http://www.saltworks.us/,2,7,,buy Bath & Body online
http://www.luckyvitamin.com/,8,8,,buy Bath & Body online
http://thesoapguy.com/,156,9,orders@thesoapguy.com;,buy Bath & Body online
http://www.buychargepowder.net/,2,10,,buy Beauty Tools & Accessories online
http://www.beautytools.com/,48,1,,buy Beauty Tools & Accessories online
http://www.buymebeauty.com/,4,3,john@example.com;,buy Beauty Tools & Accessories online
http://www.fishpond.co.nz/,1,3,,buy Beauty Tools & Accessories online
http://www.fishpond.com.au/,1,5,,buy Beauty Tools & Accessories online
http://shopping.all4women.co.za/,1,6,,buy Beauty Tools & Accessories online
http://beauty-care2.buy.lightneasy.org/,1,8,,buy Beauty Tools & Accessories online
http://www.browsenodes.com/,17,3,,buy Body Face and Hand Lotions Antiaging Creams Cleansers Massage Oils Baby Oils Exfoliators Toners Sun Tan Products and More online
http://www.beautybrands.com/,1,5,,buy Body Face and Hand Lotions Antiaging Creams Cleansers Massage Oils Baby Oils Exfoliators Toners Sun Tan Products and More online
https://www.purespadirect.com/,53,6,,buy Body Face and Hand Lotions Antiaging Creams Cleansers Massage Oils Baby Oils Exfoliators Toners Sun Tan Products and More online
http://www.purespadirect.com/,52,9,,buy Body Face and Hand Lotions Antiaging Creams Cleansers Massage Oils Baby Oils Exfoliators Toners Sun Tan Products and More online
http://usa.loccitane.com/,1,9,,buy Body Face and Hand Lotions Antiaging Creams Cleansers Massage Oils Baby Oils Exfoliators Toners Sun Tan Products and More online
http://myfragrances.ca/,7,2,info@myfragrances.ca;,buy Fragrance online
url,font count,pagerank,emails on homepage,ranking for,emails elsewhere
http://www.bedbathandbeyond.ca/,1,2,,buy Bath & Body online
http://www.bedbathandbeyond.com/,1,4,,buy Bath & Body online,customer.service@bedbath.com;
http://buyk2bathsalts.com/,74,5,,buy Bath & Body online,myname@example.com;2incenseonline@live.com;
http://www.aloeveraland.ca/,4,4,,buy Bath & Body online
http://bathrelaxer.com/,1,5,info@bathrelaxer.com;,buy Bath & Body online,info@bathrelaxer.com;jacky@bathrelaxer.com;fun@bathrelaxer.com;
http://www.cybershopping.ca/,108,7,,buy Bath & Body online
http://www.saltworks.us/,2,7,,buy Bath & Body online
http://www.luckyvitamin.com/,8,8,,buy Bath & Body online
http://thesoapguy.com/,156,9,orders@thesoapguy.com;,buy Bath & Body online
http://www.buychargepowder.net/,2,10,,buy Beauty Tools & Accessories online
http://www.beautytools.com/,48,1,,buy Beauty Tools & Accessories online
http://www.buymebeauty.com/,4,3,john@example.com;,buy Beauty Tools & Accessories online
http://www.fishpond.co.nz/,1,3,,buy Beauty Tools & Accessories online
http://www.fishpond.com.au/,1,5,,buy Beauty Tools & Accessories online
http://shopping.all4women.co.za/,1,6,,buy Beauty Tools & Accessories online
http://beauty-care2.buy.lightneasy.org/,1,8,,buy Beauty Tools & Accessories online
http://www.browsenodes.com/,17,3,,buy Body Face and Hand Lotions Antiaging Creams Cleansers Massage Oils Baby Oils Exfoliators Toners Sun Tan Products and More online
http://www.beautybrands.com/,1,5,,buy Body Face and Hand Lotions Antiaging Creams Cleansers Massage Oils Baby Oils Exfoliators Toners Sun Tan Products and More online
https://www.purespadirect.com/,53,6,,buy Body Face and Hand Lotions Antiaging Creams Cleansers Massage Oils Baby Oils Exfoliators Toners Sun Tan Products and More online
http://www.purespadirect.com/,52,9,,buy Body Face and Hand Lotions Antiaging Creams Cleansers Massage Oils Baby Oils Exfoliators Toners Sun Tan Products and More online
http://usa.loccitane.com/,1,9,,buy Body Face and Hand Lotions Antiaging Creams Cleansers Massage Oils Baby Oils Exfoliators Toners Sun Tan Products and More online
http://myfragrances.ca/,7,2,info@myfragrances.ca;,buy Fragrance online
url,font count,pagerank,emails on homepage,ranking for,emails elsewhere
http://www.bedbathandbeyond.ca/,1,2,,buy Bath & Body online
http://www.bedbathandbeyond.com/,1,4,,buy Bath & Body online,customer.service@bedbath.com;
http://buyk2bathsalts.com/,74,5,,buy Bath & Body online,myname@example.com;2incenseonline@live.com;
http://www.aloeveraland.ca/,4,4,,buy Bath & Body online
http://bathrelaxer.com/,1,5,info@bathrelaxer.com;,buy Bath & Body online,info@bathrelaxer.com;jacky@bathrelaxer.com;fun@bathrelaxer.com;
http://www.cybershopping.ca/,108,7,,buy Bath & Body online
http://www.saltworks.us/,2,7,,buy Bath & Body online
http://www.luckyvitamin.com/,8,8,,buy Bath & Body online
http://thesoapguy.com/,156,9,orders@thesoapguy.com;,buy Bath & Body online
http://www.buychargepowder.net/,2,10,,buy Beauty Tools & Accessories online
http://www.beautytools.com/,48,1,,buy Beauty Tools & Accessories online
http://www.buymebeauty.com/,4,3,john@example.com;,buy Beauty Tools & Accessories online
http://www.fishpond.co.nz/,1,3,,buy Beauty Tools & Accessories online
http://www.fishpond.com.au/,1,5,,buy Beauty Tools & Accessories online
http://shopping.all4women.co.za/,1,6,,buy Beauty Tools & Accessories online
http://beauty-care2.buy.lightneasy.org/,1,8,,buy Beauty Tools & Accessories online
http://www.browsenodes.com/,17,3,,buy Body Face and Hand Lotions Antiaging Creams Cleansers Massage Oils Baby Oils Exfoliators Toners Sun Tan Products and More online
http://www.beautybrands.com/,1,5,,buy Body Face and Hand Lotions Antiaging Creams Cleansers Massage Oils Baby Oils Exfoliators Toners Sun Tan Products and More online
https://www.purespadirect.com/,53,6,,buy Body Face and Hand Lotions Antiaging Creams Cleansers Massage Oils Baby Oils Exfoliators Toners Sun Tan Products and More online
http://www.purespadirect.com/,52,9,,buy Body Face and Hand Lotions Antiaging Creams Cleansers Massage Oils Baby Oils Exfoliators Toners Sun Tan Products and More online
http://usa.loccitane.com/,1,9,,buy Body Face and Hand Lotions Antiaging Creams Cleansers Massage Oils Baby Oils Exfoliators Toners Sun Tan Products and More online
http://myfragrances.ca/,7,2,info@myfragrances.ca;,buy Fragrance online
url,font count,pagerank,emails on homepage,ranking for,emails elsewhere
http://www.bedbathandbeyond.ca/,1,2,,buy Bath & Body online
http://www.bedbathandbeyond.com/,1,4,,buy Bath & Body online,customer.service@bedbath.com;
http://buyk2bathsalts.com/,74,5,,buy Bath & Body online,myname@example.com;2incenseonline@live.com;
http://www.aloeveraland.ca/,4,4,,buy Bath & Body online
http://bathrelaxer.com/,1,5,info@bathrelaxer.com;,buy Bath & Body online,info@bathrelaxer.com;jacky@bathrelaxer.com;fun@bathrelaxer.com;
http://www.cybershopping.ca/,108,7,,buy Bath & Body online
http://www.saltworks.us/,2,7,,buy Bath & Body online
http://www.luckyvitamin.com/,8,8,,buy Bath & Body online
http://thesoapguy.com/,156,9,orders@thesoapguy.com;,buy Bath & Body online
http://www.buychargepowder.net/,2,10,,buy Beauty Tools & Accessories online
http://www.beautytools.com/,48,1,,buy Beauty Tools & Accessories online
http://www.buymebeauty.com/,4,3,john@example.com;,buy Beauty Tools & Accessories online
http://www.fishpond.co.nz/,1,3,,buy Beauty Tools & Accessories online
http://www.fishpond.com.au/,1,5,,buy Beauty Tools & Accessories online
http://shopping.all4women.co.za/,1,6,,buy Beauty Tools & Accessories online
http://beauty-care2.buy.lightneasy.org/,1,8,,buy Beauty Tools & Accessories online
http://www.browsenodes.com/,17,3,,buy Body Face and Hand Lotions Antiaging Creams Cleansers Massage Oils Baby Oils Exfoliators Toners Sun Tan Products and More online
http://www.beautybrands.com/,1,5,,buy Body Face and Hand Lotions Antiaging Creams Cleansers Massage Oils Baby Oils Exfoliators Toners Sun Tan Products and More online
https://www.purespadirect.com/,53,6,,buy Body Face and Hand Lotions Antiaging Creams Cleansers Massage Oils Baby Oils Exfoliators Toners Sun Tan Products and More online
http://www.purespadirect.com/,52,9,,buy Body Face and Hand Lotions Antiaging Creams Cleansers Massage Oils Baby Oils Exfoliators Toners Sun Tan Products and More online
http://usa.loccitane.com/,1,9,,buy Body Face and Hand Lotions Antiaging Creams Cleansers Massage Oils Baby Oils Exfoliators Toners Sun Tan Products and More online
http://myfragrances.ca/,7,2,info@myfragrances.ca;,buy Fragrance online
url,font count,pagerank,emails on homepage,ranking for,emails elsewhere
http://www.bedbathandbeyond.ca/,1,2,,buy Bath & Body online
http://www.bedbathandbeyond.com/,1,4,,buy Bath & Body online,customer.service@bedbath.com;
http://buyk2bathsalts.com/,74,5,,buy Bath & Body online,myname@example.com;2incenseonline@live.com;
http://www.aloeveraland.ca/,4,4,,buy Bath & Body online
http://bathrelaxer.com/,1,5,info@bathrelaxer.com;,buy Bath & Body online,info@bathrelaxer.com;jacky@bathrelaxer.com;fun@bathrelaxer.com;
http://www.cybershopping.ca/,108,7,,buy Bath & Body online
http://www.saltworks.us/,2,7,,buy Bath & Body online
http://www.luckyvitamin.com/,8,8,,buy Bath & Body online
http://thesoapguy.com/,156,9,orders@thesoapguy.com;,buy Bath & Body online
http://www.buychargepowder.net/,2,10,,buy Beauty Tools & Accessories online
http://www.beautytools.com/,48,1,,buy Beauty Tools & Accessories online
http://www.buymebeauty.com/,4,3,john@example.com;,buy Beauty Tools & Accessories online
http://www.fishpond.co.nz/,1,3,,buy Beauty Tools & Accessories online
http://www.fishpond.com.au/,1,5,,buy Beauty Tools & Accessories online
http://shopping.all4women.co.za/,1,6,,buy Beauty Tools & Accessories online
http://beauty-care2.buy.lightneasy.org/,1,8,,buy Beauty Tools & Accessories online
http://www.browsenodes.com/,17,3,,buy Body Face and Hand Lotions Antiaging Creams Cleansers Massage Oils Baby Oils Exfoliators Toners Sun Tan Products and More online
http://www.beautybrands.com/,1,5,,buy Body Face and Hand Lotions Antiaging Creams Cleansers Massage Oils Baby Oils Exfoliators Toners Sun Tan Products and More online
https://www.purespadirect.com/,53,6,,buy Body Face and Hand Lotions Antiaging Creams Cleansers Massage Oils Baby Oils Exfoliators Toners Sun Tan Products and More online
http://www.purespadirect.com/,52,9,,buy Body Face and Hand Lotions Antiaging Creams Cleansers Massage Oils Baby Oils Exfoliators Toners Sun Tan Products and More online
http://usa.loccitane.com/,1,9,,buy Body Face and Hand Lotions Antiaging Creams Cleansers Massage Oils Baby Oils Exfoliators Toners Sun Tan Products and More online
http://myfragrances.ca/,7,2,info@myfragrances.ca;,buy Fragrance online
url,font count,pagerank,emails on homepage,ranking for,emails elsewhere
http://www.bedbathandbeyond.ca/,1,2,,buy Bath & Body online
http://www.bedbathandbeyond.com/,1,4,,buy Bath & Body online,customer.service@bedbath.com;
http://buyk2bathsalts.com/,74,5,,buy Bath & Body online,myname@example.com;2incenseonline@live.com;
http://www.aloeveraland.ca/,4,4,,buy Bath & Body online
http://bathrelaxer.com/,1,5,info@bathrelaxer.com;,buy Bath & Body online,info@bathrelaxer.com;jacky@bathrelaxer.com;fun@bathrelaxer.com;
http://www.cybershopping.ca/,108,7,,buy Bath & Body online
http://www.saltworks.us/,2,7,,buy Bath & Body online
http://www.luckyvitamin.com/,8,8,,buy Bath & Body online
http://thesoapguy.com/,156,9,orders@thesoapguy.com;,buy Bath & Body online
http://www.buychargepowder.net/,2,10,,buy Beauty Tools & Accessories online
http://www.beautytools.com/,48,1,,buy Beauty Tools & Accessories online
http://www.buymebeauty.com/,4,3,john@example.com;,buy Beauty Tools & Accessories online
http://www.fishpond.co.nz/,1,3,,buy Beauty Tools & Accessories online
http://www.fishpond.com.au/,1,5,,buy Beauty Tools & Accessories online
http://shopping.all4women.co.za/,1,6,,buy Beauty Tools & Accessories online
http://beauty-care2.buy.lightneasy.org/,1,8,,buy Beauty Tools & Accessories online
http://www.browsenodes.com/,17,3,,buy Body Face and Hand Lotions Antiaging Creams Cleansers Massage Oils Baby Oils Exfoliators Toners Sun Tan Products and More online
http://www.beautybrands.com/,1,5,,buy Body Face and Hand Lotions Antiaging Creams Cleansers Massage Oils Baby Oils Exfoliators Toners Sun Tan Products and More online
https://www.purespadirect.com/,53,6,,buy Body Face and Hand Lotions Antiaging Creams Cleansers Massage Oils Baby Oils Exfoliators Toners Sun Tan Products and More online
http://www.purespadirect.com/,52,9,,buy Body Face and Hand Lotions Antiaging Creams Cleansers Massage Oils Baby Oils Exfoliators Toners Sun Tan Products and More online
http://usa.loccitane.com/,1,9,,buy Body Face and Hand Lotions Antiaging Creams Cleansers Massage Oils Baby Oils Exfoliators Toners Sun Tan Products and More online
http://myfragrances.ca/,7,2,info@myfragrances.ca;,buy Fragrance online
url,font count,pagerank,emails on homepage,ranking for,emails elsewhere
http://www.bedbathandbeyond.ca/,1,2,,buy Bath & Body online
http://www.bedbathandbeyond.com/,1,4,,buy Bath & Body online,customer.service@bedbath.com;
http://buyk2bathsalts.com/,74,5,,buy Bath & Body online,myname@example.com;2incenseonline@live.com;
http://www.aloeveraland.ca/,4,4,,buy Bath & Body online
http://bathrelaxer.com/,1,5,info@bathrelaxer.com;,buy Bath & Body online,info@bathrelaxer.com;jacky@bathrelaxer.com;fun@bathrelaxer.com;
http://www.cybershopping.ca/,108,7,,buy Bath & Body online
http://www.saltworks.us/,2,7,,buy Bath & Body online
http://www.luckyvitamin.com/,8,8,,buy Bath & Body online
http://thesoapguy.com/,156,9,orders@thesoapguy.com;,buy Bath & Body online
http://www.buychargepowder.net/,2,10,,buy Beauty Tools & Accessories online
http://www.beautytools.com/,48,1,,buy Beauty Tools & Accessories online
http://www.buymebeauty.com/,4,3,john@example.com;,buy Beauty Tools & Accessories online
http://www.fishpond.co.nz/,1,3,,buy Beauty Tools & Accessories online
http://www.fishpond.com.au/,1,5,,buy Beauty Tools & Accessories online
http://shopping.all4women.co.za/,1,6,,buy Beauty Tools & Accessories online
http://beauty-care2.buy.lightneasy.org/,1,8,,buy Beauty Tools & Accessories online
http://www.browsenodes.com/,17,3,,buy Body Face and Hand Lotions Antiaging Creams Cleansers Massage Oils Baby Oils Exfoliators Toners Sun Tan Products and More online
http://www.beautybrands.com/,1,5,,buy Body Face and Hand Lotions Antiaging Creams Cleansers Massage Oils Baby Oils Exfoliators Toners Sun Tan Products and More online
https://www.purespadirect.com/,53,6,,buy Body Face and Hand Lotions Antiaging Creams Cleansers Massage Oils Baby Oils Exfoliators Toners Sun Tan Products and More online
http://www.purespadirect.com/,52,9,,buy Body Face and Hand Lotions Antiaging Creams Cleansers Massage Oils Baby Oils Exfoliators Toners Sun Tan Products and More online
http://usa.loccitane.com/,1,9,,buy Body Face and Hand Lotions Antiaging Creams Cleansers Massage Oils Baby Oils Exfoliators Toners Sun Tan Products and More online
http://myfragrances.ca/,7,2,info@myfragrances.ca;,buy Fragrance online
url,font count,pagerank,emails on homepage,ranking for,emails elsewhere
http://www.bedbathandbeyond.ca/,1,2,,buy Bath & Body online
http://www.bedbathandbeyond.com/,1,4,,buy Bath & Body online,customer.service@bedbath.com;
http://buyk2bathsalts.com/,74,5,,buy Bath & Body online,myname@example.com;2incenseonline@live.com;
http://www.aloeveraland.ca/,4,4,,buy Bath & Body online
http://bathrelaxer.com/,1,5,info@bathrelaxer.com;,buy Bath & Body online,info@bathrelaxer.com;jacky@bathrelaxer.com;fun@bathrelaxer.com;
http://www.cybershopping.ca/,108,7,,buy Bath & Body online
http://www.saltworks.us/,2,7,,buy Bath & Body online
http://www.luckyvitamin.com/,8,8,,buy Bath & Body online
http://thesoapguy.com/,156,9,orders@thesoapguy.com;,buy Bath & Body online
http://www.buychargepowder.net/,2,10,,buy Beauty Tools & Accessories online
http://www.beautytools.com/,48,1,,buy Beauty Tools & Accessories online
http://www.buymebeauty.com/,4,3,john@example.com;,buy Beauty Tools & Accessories online
http://www.fishpond.co.nz/,1,3,,buy Beauty Tools & Accessories online
http://www.fishpond.com.au/,1,5,,buy Beauty Tools & Accessories online
http://shopping.all4women.co.za/,1,6,,buy Beauty Tools & Accessories online
http://beauty-care2.buy.lightneasy.org/,1,8,,buy Beauty Tools & Accessories online
http://www.browsenodes.com/,17,3,,buy Body Face and Hand Lotions Antiaging Creams Cleansers Massage Oils Baby Oils Exfoliators Toners Sun Tan Products and More online
http://www.beautybrands.com/,1,5,,buy Body Face and Hand Lotions Antiaging Creams Cleansers Massage Oils Baby Oils Exfoliators Toners Sun Tan Products and More online
https://www.purespadirect.com/,53,6,,buy Body Face and Hand Lotions Antiaging Creams Cleansers Massage Oils Baby Oils Exfoliators Toners Sun Tan Products and More online
http://www.purespadirect.com/,52,9,,buy Body Face and Hand Lotions Antiaging Creams Cleansers Massage Oils Baby Oils Exfoliators Toners Sun Tan Products and More online
http://usa.loccitane.com/,1,9,,buy Body Face and Hand Lotions Antiaging Creams Cleansers Massage Oils Baby Oils Exfoliators Toners Sun Tan Products and More online
http://myfragrances.ca/,7,2,info@myfragrances.ca;,buy Fragrance online
url,font count,pagerank,emails on homepage,ranking for,emails elsewhere
http://www.bedbathandbeyond.ca/,1,2,,buy Bath & Body online
http://www.bedbathandbeyond.com/,1,4,,buy Bath & Body online,customer.service@bedbath.com;
http://buyk2bathsalts.com/,74,5,,buy Bath & Body online,myname@example.com;2incenseonline@live.com;
http://www.aloeveraland.ca/,4,4,,buy Bath & Body online
http://bathrelaxer.com/,1,5,info@bathrelaxer.com;,buy Bath & Body online,info@bathrelaxer.com;jacky@bathrelaxer.com;fun@bathrelaxer.com;
http://www.cybershopping.ca/,108,7,,buy Bath & Body online
http://www.saltworks.us/,2,7,,buy Bath & Body online
http://www.luckyvitamin.com/,8,8,,buy Bath & Body online
http://thesoapguy.com/,156,9,orders@thesoapguy.com;,buy Bath & Body online
http://www.buychargepowder.net/,2,10,,buy Beauty Tools & Accessories online
http://www.beautytools.com/,48,1,,buy Beauty Tools & Accessories online
http://www.buymebeauty.com/,4,3,john@example.com;,buy Beauty Tools & Accessories online
http://www.fishpond.co.nz/,1,3,,buy Beauty Tools & Accessories online
http://www.fishpond.com.au/,1,5,,buy Beauty Tools & Accessories online
http://shopping.all4women.co.za/,1,6,,buy Beauty Tools & Accessories online
http://beauty-care2.buy.lightneasy.org/,1,8,,buy Beauty Tools & Accessories online
http://www.browsenodes.com/,17,3,,buy Body Face and Hand Lotions Antiaging Creams Cleansers Massage Oils Baby Oils Exfoliators Toners Sun Tan Products and More online
http://www.beautybrands.com/,1,5,,buy Body Face and Hand Lotions Antiaging Creams Cleansers Massage Oils Baby Oils Exfoliators Toners Sun Tan Products and More online
https://www.purespadirect.com/,53,6,,buy Body Face and Hand Lotions Antiaging Creams Cleansers Massage Oils Baby Oils Exfoliators Toners Sun Tan Products and More online
http://www.purespadirect.com/,52,9,,buy Body Face and Hand Lotions Antiaging Creams Cleansers Massage Oils Baby Oils Exfoliators Toners Sun Tan Products and More online
http://usa.loccitane.com/,1,9,,buy Body Face and Hand Lotions Antiaging Creams Cleansers Massage Oils Baby Oils Exfoliators Toners Sun Tan Products and More online
http://myfragrances.ca/,7,2,info@myfragrances.ca;,buy Fragrance online
url,font count,pagerank,emails on homepage,ranking for,emails elsewhere
http://www.bedbathandbeyond.ca/,1,2,,buy Bath & Body online
http://www.bedbathandbeyond.com/,1,4,,buy Bath & Body online,customer.service@bedbath.com;
http://buyk2bathsalts.com/,74,5,,buy Bath & Body online,myname@example.com;2incenseonline@live.com;
http://www.aloeveraland.ca/,4,4,,buy Bath & Body online
http://bathrelaxer.com/,1,5,info@bathrelaxer.com;,buy Bath & Body online,info@bathrelaxer.com;jacky@bathrelaxer.com;fun@bathrelaxer.com;
http://www.cybershopping.ca/,108,7,,buy Bath & Body online
http://www.saltworks.us/,2,7,,buy Bath & Body online
http://www.luckyvitamin.com/,8,8,,buy Bath & Body online
http://thesoapguy.com/,156,9,orders@thesoapguy.com;,buy Bath & Body online
http://www.buychargepowder.net/,2,10,,buy Beauty Tools & Accessories online
http://www.beautytools.com/,48,1,,buy Beauty Tools & Accessories online
http://www.buymebeauty.com/,4,3,john@example.com;,buy Beauty Tools & Accessories online
http://www.fishpond.co.nz/,1,3,,buy Beauty Tools & Accessories online
http://www.fishpond.com.au/,1,5,,buy Beauty Tools & Accessories online
http://shopping.all4women.co.za/,1,6,,buy Beauty Tools & Accessories online
http://beauty-care2.buy.lightneasy.org/,1,8,,buy Beauty Tools & Accessories online
http://www.browsenodes.com/,17,3,,buy Body Face and Hand Lotions Antiaging Creams Cleansers Massage Oils Baby Oils Exfoliators Toners Sun Tan Products and More online
http://www.beautybrands.com/,1,5,,buy Body Face and Hand Lotions Antiaging Creams Cleansers Massage Oils Baby Oils Exfoliators Toners Sun Tan Products and More online
https://www.purespadirect.com/,53,6,,buy Body Face and Hand Lotions Antiaging Creams Cleansers Massage Oils Baby Oils Exfoliators Toners Sun Tan Products and More online
http://www.purespadirect.com/,52,9,,buy Body Face and Hand Lotions Antiaging Creams Cleansers Massage Oils Baby Oils Exfoliators Toners Sun Tan Products and More online
http://usa.loccitane.com/,1,9,,buy Body Face and Hand Lotions Antiaging Creams Cleansers Massage Oils Baby Oils Exfoliators Toners Sun Tan Products and More online
http://myfragrances.ca/,7,2,info@myfragrances.ca;,buy Fragrance online
url,font count,pagerank,emails on homepage,ranking for,emails elsewhere
http://www.bedbathandbeyond.ca/,1,2,,buy Bath & Body online
http://www.bedbathandbeyond.com/,1,4,,buy Bath & Body online,customer.service@bedbath.com;
http://buyk2bathsalts.com/,74,5,,buy Bath & Body online,myname@example.com;2incenseonline@live.com;
http://www.aloeveraland.ca/,4,4,,buy Bath & Body online
http://bathrelaxer.com/,1,5,info@bathrelaxer.com;,buy Bath & Body online,info@bathrelaxer.com;jacky@bathrelaxer.com;fun@bathrelaxer.com;
http://www.cybershopping.ca/,108,7,,buy Bath & Body online
http://www.saltworks.us/,2,7,,buy Bath & Body online
http://www.luckyvitamin.com/,8,8,,buy Bath & Body online
http://thesoapguy.com/,156,9,orders@thesoapguy.com;,buy Bath & Body online
http://www.buychargepowder.net/,2,10,,buy Beauty Tools & Accessories online
http://www.beautytools.com/,48,1,,buy Beauty Tools & Accessories online
http://www.buymebeauty.com/,4,3,john@example.com;,buy Beauty Tools & Accessories online
http://www.fishpond.co.nz/,1,3,,buy Beauty Tools & Accessories online
http://www.fishpond.com.au/,1,5,,buy Beauty Tools & Accessories online
http://shopping.all4women.co.za/,1,6,,buy Beauty Tools & Accessories online
http://beauty-care2.buy.lightneasy.org/,1,8,,buy Beauty Tools & Accessories online
http://www.browsenodes.com/,17,3,,buy Body Face and Hand Lotions Antiaging Creams Cleansers Massage Oils Baby Oils Exfoliators Toners Sun Tan Products and More online
http://www.beautybrands.com/,1,5,,buy Body Face and Hand Lotions Antiaging Creams Cleansers Massage Oils Baby Oils Exfoliators Toners Sun Tan Products and More online
https://www.purespadirect.com/,53,6,,buy Body Face and Hand Lotions Antiaging Creams Cleansers Massage Oils Baby Oils Exfoliators Toners Sun Tan Products and More online
http://www.purespadirect.com/,52,9,,buy Body Face and Hand Lotions Antiaging Creams Cleansers Massage Oils Baby Oils Exfoliators Toners Sun Tan Products and More online
http://usa.loccitane.com/,1,9,,buy Body Face and Hand Lotions Antiaging Creams Cleansers Massage Oils Baby Oils Exfoliators Toners Sun Tan Products and More online
http://myfragrances.ca/,7,2,info@myfragrances.ca;,buy Fragrance online
url,font count,pagerank,emails on homepage,ranking for,emails elsewhere
http://www.bedbathandbeyond.ca/,1,2,,buy Bath & Body online
http://www.bedbathandbeyond.com/,1,4,,buy Bath & Body online,customer.service@bedbath.com;
http://buyk2bathsalts.com/,74,5,,buy Bath & Body online,myname@example.com;2incenseonline@live.com;
http://www.aloeveraland.ca/,4,4,,buy Bath & Body online
http://bathrelaxer.com/,1,5,info@bathrelaxer.com;,buy Bath & Body online,info@bathrelaxer.com;jacky@bathrelaxer.com;fun@bathrelaxer.com;
http://www.cybershopping.ca/,108,7,,buy Bath & Body online
http://www.saltworks.us/,2,7,,buy Bath & Body online
http://www.luckyvitamin.com/,8,8,,buy Bath & Body online
http://thesoapguy.com/,156,9,orders@thesoapguy.com;,buy Bath & Body online
http://www.buychargepowder.net/,2,10,,buy Beauty Tools & Accessories online
http://www.beautytools.com/,48,1,,buy Beauty Tools & Accessories online
http://www.buymebeauty.com/,4,3,john@example.com;,buy Beauty Tools & Accessories online
http://www.fishpond.co.nz/,1,3,,buy Beauty Tools & Accessories online
http://www.fishpond.com.au/,1,5,,buy Beauty Tools & Accessories online
http://shopping.all4women.co.za/,1,6,,buy Beauty Tools & Accessories online
http://beauty-care2.buy.lightneasy.org/,1,8,,buy Beauty Tools & Accessories online
http://www.browsenodes.com/,17,3,,buy Body Face and Hand Lotions Antiaging Creams Cleansers Massage Oils Baby Oils Exfoliators Toners Sun Tan Products and More online
http://www.beautybrands.com/,1,5,,buy Body Face and Hand Lotions Antiaging Creams Cleansers Massage Oils Baby Oils Exfoliators Toners Sun Tan Products and More online
https://www.purespadirect.com/,53,6,,buy Body Face and Hand Lotions Antiaging Creams Cleansers Massage Oils Baby Oils Exfoliators Toners Sun Tan Products and More online
http://www.purespadirect.com/,52,9,,buy Body Face and Hand Lotions Antiaging Creams Cleansers Massage Oils Baby Oils Exfoliators Toners Sun Tan Products and More online
http://usa.loccitane.com/,1,9,,buy Body Face and Hand Lotions Antiaging Creams Cleansers Massage Oils Baby Oils Exfoliators Toners Sun Tan Products and More online
http://myfragrances.ca/,7,2,info@myfragrances.ca;,buy Fragrance online
